Workbook

Sheet Sheet1
A1: Name | B1: ID | C1: First preferencec | D1: Second | E1: Third | F1: Fourth | G1: Fifth | H1: sixth | I1: Seventh | J1: Eighth | K1: nineth | L1: tenth | M1: eleventh | N1: twovelveth | O1: topic you got | P1: Number of the preference | Q1: Bonus points
A2: Joni | B2: 6714129 | C2: B | D2: D | E2: L | F2: C | G2: F | H2: A | I2: H | J2: E | K2: J | L2: G | M2: K | N2: I | O2: D | P2: 2 | Q2: =0.25*(1-(P2-1)/(12-1)) -> 0.22727273
A3: Mirzakalonboy | B3: 6442273 | C3: G | D3: C | E3: J | F3: H | G3: A | H3: I | I3: F | J3: L | K3: B | L3: D | M3: E | N3: K | O3: G | P3: 1 | Q3: =0.25*(1-(P3-1)/(12-1)) -> 0.25
A4: Nobody | B4: 6418767 | C4: E | D4: J | E4: L | F4: C | G4: H | H4: I | I4: A | J4: B | K4: K | L4: D | M4: F | N4: G | O4: J | P4: 2 | Q4: =0.25*(1-(P4-1)/(12-1)) -> 0.22727273
A5: Sibel | B5: 163732 | C5: B | D5: H | E5: D | F5: C | G5: I | H5: A | I5: E | J5: J | K5: F | L5: G | M5: L | N5: K | O5: B | P5: 1 | Q5: =0.25*(1-(P5-1)/(12-1)) -> 0.25
A6: Thijs Vlonk | B6: 6444142 | C6: D | D6: L | E6: F | F6: E | G6: I | H6: K | I6: L | J6: G | K6: B | L6: A | M6: H | N6: J | O6: L | P6: 2 | Q6: =0.25*(1-(P6-1)/(12-1)) -> 0.22727273
A7: Boukye ter Hoeven | B7: 6263312 | C7: F | D7: C | E7: D | F7: I | G7: B | H7: A | I7: G | J7: H | K7: K | L7: E | M7: J | N7: L | O7: C | P7: 2 | Q7: =0.25*(1-(P7-1)/(12-1)) -> 0.22727273
A8: Mayssa | B8: 1632836 | C8: F | D8: J | E8: D | F8: H | G8: B | H8: K | I8: E | J8: I | K8: G | L8: A | M8: C | N8: L | O8: F | P8: 1 | Q8: =0.25*(1-(P8-1)/(12-1)) -> 0.25
A9: Valentine | B9: 6308986 | C9: A | D9: B | E9: G | F9: C | G9: H | H9: D | I9: K | J9: F | K9: I | L9: J | M9: E | N9: L | O9: A | P9: 1 | Q9: =0.25*(1-(P9-1)/(12-1)) -> 0.25
A10: Justin | B10: 6330530 | C10: B | D10: I | E10: A | F10: E | G10: L | H10: H | I10: C | J10: F | K10: G | L10: D | M10: K | N10: J | O10: I | P10: 2 | Q10: =0.25*(1-(P10-1)/(12-1)) -> 0.22727273
A11: Indynage | B11: 6281254 | C11: E | D11: D | E11: K | F11: A | G11: H | H11: I | I11: F | J11: C | K11: B | L11: G | M11: J | N11: L | O11: E | P11: 1 | Q11: =0.25*(1-(P11-1)/(12-1)) -> 0.25
A12: Claudia | B12: 6273807 | C12: H | D12: F | E12: B | F12: E | G12: J | H12: A | I12: C | J12: I | K12: G | L12: L | M12: D | N12: K | O12: H | P12: 1 | Q12: =0.25*(1-(P12-1)/(12-1)) -> 0.25
A13: Akanksha | B13: 6424105 | C13: B | D13: K | E13: A | F13: C | G13: F | H13: D | I13: L | J13: E | K13: G | L13: I | M13: J | N13: H | O13: K | P13: 2 | Q13: =0.25*(1-(P13-1)/(12-1)) -> 0.22727273

Sheet TTC
A1: Student | B1: Topic owned | C1: 1 | D1: 2 | E1: 3 | F1: 4 | G1: 5 | H1: 6 | I1: 7 | J1: 8 | K1: 9 | L1: 10 | M1: 11 | N1: 12 | O1: Pointer topic | P1: Next student (owner of pointer topic) | Q1: Hop1 | R1: Hop2 | S1: Hop3 | T1: Hop4 | U1: Hop5 | V1: Hop6 | W1: Hop7 | X1: Hop8 | Y1: Hop9 | Z1: Hop10 | AA1: Hop11 | AB1: Hop12 | AC1: Cycle length | AD1: Cycle type
A2: Joni | B2: D | C2: B | D2: D | E2: L | F2: C | G2: F | H2: A | I2: H | J2: E | K2: J | L2: G | M2: K | N2: I | O2: =INDEX(Sheet1!C2:N2,1) -> B | P2: =INDEX(Sheet1!A$2:A$13, MATCH(O2, Sheet1!O$2:O$13, 0)) -> Sibel | Q2: =P2 -> Sibel | R2: =IFERROR( INDEX($A$2:$A$13, MATCH(INDEX($O$2:$O$13, MATCH(Q2, $A$2:$A$13, 0)), $B$2:$B$13, 0) ), "") -> Sibel | S2: =IFERROR( INDEX($A$2:$A$13, MATCH(INDEX($O$2:$O$13, MATCH(R2, $A$2:$A$13, 0)), $B$2:$B$13, 0) ), "") -> Sibel | T2: =IFERROR( INDEX($A$2:$A$13, MATCH(INDEX($O$2:$O$13, MATCH(S2, $A$2:$A$13, 0)), $B$2:$B$13, 0) ), "") -> Sibel | U2: =IFERROR( INDEX($A$2:$A$13, MATCH(INDEX($O$2:$O$13, MATCH(T2, $A$2:$A$13, 0)), $B$2:$B$13, 0) ), "") -> Sibel | V2: =IFERROR( INDEX($A$2:$A$13, MATCH(INDEX($O$2:$O$13, MATCH(U2, $A$2:$A$13, 0)), $B$2:$B$13, 0) ), "") -> Sibel | W2: =IFERROR( INDEX($A$2:$A$13, MATCH(INDEX($O$2:$O$13, MATCH(V2, $A$2:$A$13, 0)), $B$2:$B$13, 0) ), "") -> Sibel | X2: =IFERROR( INDEX($A$2:$A$13, MATCH(INDEX($O$2:$O$13, MATCH(W2, $A$2:$A$13, 0)), $B$2:$B$13, 0) ), "") -> Sibel | Y2: =IFERROR( INDEX($A$2:$A$13, MATCH(INDEX($O$2:$O$13, MATCH(X2, $A$2:$A$13, 0)), $B$2:$B$13, 0) ), "") -> Sibel | ... AB2: =IFERROR( INDEX($A$2:$A$13, MATCH(INDEX($O$2:$O$13, MATCH(AA2, $A$2:$A$13, 0)), $B$2:$B$13, 0) ), "") -> Sibel | AC2: =_xlfn.LET( _xlpm.me, A2, _xlpm.hops, Q2:AB2, _xlpm.pos, _xlfn.XMATCH(_xlpm.me, _xlpm.hops), IF(ISNUMBER(_xlpm.pos), _xlpm.pos, "") ) | AD2: =IF(AC2="", "No cycle found", IF(AC2=1, "Self-cycle (Pareto OK)", "Multi-student cycle (Not Pareto-efficient)") ) -> No cycle found
A3: Mirzakalonboy | B3: G | C3: G | D3: C | E3: J | F3: H | G3: A | H3: I | I3: F | J3: L | K3: B | L3: D | M3: E | N3: K | O3: =INDEX(Sheet1!C3:N3,1) -> G | P3: =INDEX(Sheet1!A$2:A$13, MATCH(O3, Sheet1!O$2:O$13, 0)) -> Mirzakalonboy | Q3: =P3 -> Mirzakalonboy | R3: =IFERROR( INDEX($A$2:$A$13, MATCH(INDEX($O$2:$O$13, MATCH(Q3, $A$2:$A$13, 0)), $B$2:$B$13, 0) ), "") -> Mirzakalonboy | S3: =IFERROR( INDEX($A$2:$A$13, MATCH(INDEX($O$2:$O$13, MATCH(R3, $A$2:$A$13, 0)), $B$2:$B$13, 0) ), "") -> Mirzakalonboy | T3: =IFERROR( INDEX($A$2:$A$13, MATCH(INDEX($O$2:$O$13, MATCH(S3, $A$2:$A$13, 0)), $B$2:$B$13, 0) ), "") -> Mirzakalonboy | U3: =IFERROR( INDEX($A$2:$A$13, MATCH(INDEX($O$2:$O$13, MATCH(T3, $A$2:$A$13, 0)), $B$2:$B$13, 0) ), "") -> Mirzakalonboy | V3: =IFERROR( INDEX($A$2:$A$13, MATCH(INDEX($O$2:$O$13, MATCH(U3, $A$2:$A$13, 0)), $B$2:$B$13, 0) ), "") -> Mirzakalonboy | W3: =IFERROR( INDEX($A$2:$A$13, MATCH(INDEX($O$2:$O$13, MATCH(V3, $A$2:$A$13, 0)), $B$2:$B$13, 0) ), "") -> Mirzakalonboy | X3: =IFERROR( INDEX($A$2:$A$13, MATCH(INDEX($O$2:$O$13, MATCH(W3, $A$2:$A$13, 0)), $B$2:$B$13, 0) ), "") -> Mirzakalonboy | Y3: =IFERROR( INDEX($A$2:$A$13, MATCH(INDEX($O$2:$O$13, MATCH(X3, $A$2:$A$13, 0)), $B$2:$B$13, 0) ), "") -> Mirzakalonboy | ... AB3: =IFERROR( INDEX($A$2:$A$13, MATCH(INDEX($O$2:$O$13, MATCH(AA3, $A$2:$A$13, 0)), $B$2:$B$13, 0) ), "") -> Mirzakalonboy | AC3: =_xlfn.LET( _xlpm.me, A3, _xlpm.hops, Q3:AB3, _xlpm.pos, _xlfn.XMATCH(_xlpm.me, _xlpm.hops), IF(ISNUMBER(_xlpm.pos), _xlpm.pos, "") ) -> 1 | AD3: =IF(AC3="", "No cycle found", IF(AC3=1, "Self-cycle (Pareto OK)", "Multi-student cycle (Not Pareto-efficient)") ) -> Self-cycle (Pareto OK)
A4: Nobody | B4: J | C4: E | D4: J | E4: L | F4: C | G4: H | H4: I | I4: A | J4: B | K4: K | L4: D | M4: F | N4: G | O4: =INDEX(Sheet1!C4:N4,1) -> E | P4: =INDEX(Sheet1!A$2:A$13, MATCH(O4, Sheet1!O$2:O$13, 0)) -> Indynage | Q4: =P4 -> Indynage | R4: =IFERROR( INDEX($A$2:$A$13, MATCH(INDEX($O$2:$O$13, MATCH(Q4, $A$2:$A$13, 0)), $B$2:$B$13, 0) ), "") -> Indynage | S4: =IFERROR( INDEX($A$2:$A$13, MATCH(INDEX($O$2:$O$13, MATCH(R4, $A$2:$A$13, 0)), $B$2:$B$13, 0) ), "") -> Indynage | T4: =IFERROR( INDEX($A$2:$A$13, MATCH(INDEX($O$2:$O$13, MATCH(S4, $A$2:$A$13, 0)), $B$2:$B$13, 0) ), "") -> Indynage | U4: =IFERROR( INDEX($A$2:$A$13, MATCH(INDEX($O$2:$O$13, MATCH(T4, $A$2:$A$13, 0)), $B$2:$B$13, 0) ), "") -> Indynage | V4: =IFERROR( INDEX($A$2:$A$13, MATCH(INDEX($O$2:$O$13, MATCH(U4, $A$2:$A$13, 0)), $B$2:$B$13, 0) ), "") -> Indynage | W4: =IFERROR( INDEX($A$2:$A$13, MATCH(INDEX($O$2:$O$13, MATCH(V4, $A$2:$A$13, 0)), $B$2:$B$13, 0) ), "") -> Indynage | X4: =IFERROR( INDEX($A$2:$A$13, MATCH(INDEX($O$2:$O$13, MATCH(W4, $A$2:$A$13, 0)), $B$2:$B$13, 0) ), "") -> Indynage | Y4: =IFERROR( INDEX($A$2:$A$13, MATCH(INDEX($O$2:$O$13, MATCH(X4, $A$2:$A$13, 0)), $B$2:$B$13, 0) ), "") -> Indynage | ... AB4: =IFERROR( INDEX($A$2:$A$13, MATCH(INDEX($O$2:$O$13, MATCH(AA4, $A$2:$A$13, 0)), $B$2:$B$13, 0) ), "") -> Indynage | AC4: =_xlfn.LET( _xlpm.me, A4, _xlpm.hops, Q4:AB4, _xlpm.pos, _xlfn.XMATCH(_xlpm.me, _xlpm.hops), IF(ISNUMBER(_xlpm.pos), _xlpm.pos, "") ) | AD4: =IF(AC4="", "No cycle found", IF(AC4=1, "Self-cycle (Pareto OK)", "Multi-student cycle (Not Pareto-efficient)") ) -> No cycle found
A5: Sibel | B5: B | C5: B | D5: H | E5: D | F5: C | G5: I | H5: A | I5: E | J5: J | K5: F | L5: G | M5: L | N5: K | O5: =INDEX(Sheet1!C5:N5,1) -> B | P5: =INDEX(Sheet1!A$2:A$13, MATCH(O5, Sheet1!O$2:O$13, 0)) -> Sibel | Q5: =P5 -> Sibel | R5: =IFERROR( INDEX($A$2:$A$13, MATCH(INDEX($O$2:$O$13, MATCH(Q5, $A$2:$A$13, 0)), $B$2:$B$13, 0) ), "") -> Sibel | S5: =IFERROR( INDEX($A$2:$A$13, MATCH(INDEX($O$2:$O$13, MATCH(R5, $A$2:$A$13, 0)), $B$2:$B$13, 0) ), "") -> Sibel | T5: =IFERROR( INDEX($A$2:$A$13, MATCH(INDEX($O$2:$O$13, MATCH(S5, $A$2:$A$13, 0)), $B$2:$B$13, 0) ), "") -> Sibel | U5: =IFERROR( INDEX($A$2:$A$13, MATCH(INDEX($O$2:$O$13, MATCH(T5, $A$2:$A$13, 0)), $B$2:$B$13, 0) ), "") -> Sibel | V5: =IFERROR( INDEX($A$2:$A$13, MATCH(INDEX($O$2:$O$13, MATCH(U5, $A$2:$A$13, 0)), $B$2:$B$13, 0) ), "") -> Sibel | W5: =IFERROR( INDEX($A$2:$A$13, MATCH(INDEX($O$2:$O$13, MATCH(V5, $A$2:$A$13, 0)), $B$2:$B$13, 0) ), "") -> Sibel | X5: =IFERROR( INDEX($A$2:$A$13, MATCH(INDEX($O$2:$O$13, MATCH(W5, $A$2:$A$13, 0)), $B$2:$B$13, 0) ), "") -> Sibel | Y5: =IFERROR( INDEX($A$2:$A$13, MATCH(INDEX($O$2:$O$13, MATCH(X5, $A$2:$A$13, 0)), $B$2:$B$13, 0) ), "") -> Sibel | ... AB5: =IFERROR( INDEX($A$2:$A$13, MATCH(INDEX($O$2:$O$13, MATCH(AA5, $A$2:$A$13, 0)), $B$2:$B$13, 0) ), "") -> Sibel | AC5: =_xlfn.LET( _xlpm.me, A5, _xlpm.hops, Q5:AB5, _xlpm.pos, _xlfn.XMATCH(_xlpm.me, _xlpm.hops), IF(ISNUMBER(_xlpm.pos), _xlpm.pos, "") ) -> 1 | AD5: =IF(AC5="", "No cycle found", IF(AC5=1, "Self-cycle (Pareto OK)", "Multi-student cycle (Not Pareto-efficient)") ) -> Self-cycle (Pareto OK)
A6: Thijs Vlonk | B6: L | C6: D | D6: L | E6: F | F6: E | G6: I | H6: K | I6: L | J6: G | K6: B | L6: A | M6: H | N6: J | O6: =INDEX(Sheet1!C6:N6,1) -> D | P6: =INDEX(Sheet1!A$2:A$13, MATCH(O6, Sheet1!O$2:O$13, 0)) -> Joni | Q6: =P6 -> Joni | R6: =IFERROR( INDEX($A$2:$A$13, MATCH(INDEX($O$2:$O$13, MATCH(Q6, $A$2:$A$13, 0)), $B$2:$B$13, 0) ), "") -> Sibel | S6: =IFERROR( INDEX($A$2:$A$13, MATCH(INDEX($O$2:$O$13, MATCH(R6, $A$2:$A$13, 0)), $B$2:$B$13, 0) ), "") -> Sibel | T6: =IFERROR( INDEX($A$2:$A$13, MATCH(INDEX($O$2:$O$13, MATCH(S6, $A$2:$A$13, 0)), $B$2:$B$13, 0) ), "") -> Sibel | U6: =IFERROR( INDEX($A$2:$A$13, MATCH(INDEX($O$2:$O$13, MATCH(T6, $A$2:$A$13, 0)), $B$2:$B$13, 0) ), "") -> Sibel | V6: =IFERROR( INDEX($A$2:$A$13, MATCH(INDEX($O$2:$O$13, MATCH(U6, $A$2:$A$13, 0)), $B$2:$B$13, 0) ), "") -> Sibel | W6: =IFERROR( INDEX($A$2:$A$13, MATCH(INDEX($O$2:$O$13, MATCH(V6, $A$2:$A$13, 0)), $B$2:$B$13, 0) ), "") -> Sibel | X6: =IFERROR( INDEX($A$2:$A$13, MATCH(INDEX($O$2:$O$13, MATCH(W6, $A$2:$A$13, 0)), $B$2:$B$13, 0) ), "") -> Sibel | Y6: =IFERROR( INDEX($A$2:$A$13, MATCH(INDEX($O$2:$O$13, MATCH(X6, $A$2:$A$13, 0)), $B$2:$B$13, 0) ), "") -> Sibel | ... AB6: =IFERROR( INDEX($A$2:$A$13, MATCH(INDEX($O$2:$O$13, MATCH(AA6, $A$2:$A$13, 0)), $B$2:$B$13, 0) ), "") -> Sibel | AC6: =_xlfn.LET( _xlpm.me, A6, _xlpm.hops, Q6:AB6, _xlpm.pos, _xlfn.XMATCH(_xlpm.me, _xlpm.hops), IF(ISNUMBER(_xlpm.pos), _xlpm.pos, "") ) | AD6: =IF(AC6="", "No cycle found", IF(AC6=1, "Self-cycle (Pareto OK)", "Multi-student cycle (Not Pareto-efficient)") ) -> No cycle found
A7: Boukye ter Hoeven | B7: C | C7: F | D7: C | E7: D | F7: I | G7: B | H7: A | I7: G | J7: H | K7: K | L7: E | M7: J | N7: L | O7: =INDEX(Sheet1!C7:N7,1) -> F | P7: =INDEX(Sheet1!A$2:A$13, MATCH(O7, Sheet1!O$2:O$13, 0)) -> Mayssa | Q7: =P7 -> Mayssa | R7: =IFERROR( INDEX($A$2:$A$13, MATCH(INDEX($O$2:$O$13, MATCH(Q7, $A$2:$A$13, 0)), $B$2:$B$13, 0) ), "") -> Mayssa | S7: =IFERROR( INDEX($A$2:$A$13, MATCH(INDEX($O$2:$O$13, MATCH(R7, $A$2:$A$13, 0)), $B$2:$B$13, 0) ), "") -> Mayssa | T7: =IFERROR( INDEX($A$2:$A$13, MATCH(INDEX($O$2:$O$13, MATCH(S7, $A$2:$A$13, 0)), $B$2:$B$13, 0) ), "") -> Mayssa | U7: =IFERROR( INDEX($A$2:$A$13, MATCH(INDEX($O$2:$O$13, MATCH(T7, $A$2:$A$13, 0)), $B$2:$B$13, 0) ), "") -> Mayssa | V7: =IFERROR( INDEX($A$2:$A$13, MATCH(INDEX($O$2:$O$13, MATCH(U7, $A$2:$A$13, 0)), $B$2:$B$13, 0) ), "") -> Mayssa | W7: =IFERROR( INDEX($A$2:$A$13, MATCH(INDEX($O$2:$O$13, MATCH(V7, $A$2:$A$13, 0)), $B$2:$B$13, 0) ), "") -> Mayssa | X7: =IFERROR( INDEX($A$2:$A$13, MATCH(INDEX($O$2:$O$13, MATCH(W7, $A$2:$A$13, 0)), $B$2:$B$13, 0) ), "") -> Mayssa | Y7: =IFERROR( INDEX($A$2:$A$13, MATCH(INDEX($O$2:$O$13, MATCH(X7, $A$2:$A$13, 0)), $B$2:$B$13, 0) ), "") -> Mayssa | ... AB7: =IFERROR( INDEX($A$2:$A$13, MATCH(INDEX($O$2:$O$13, MATCH(AA7, $A$2:$A$13, 0)), $B$2:$B$13, 0) ), "") -> Mayssa | AC7: =_xlfn.LET( _xlpm.me, A7, _xlpm.hops, Q7:AB7, _xlpm.pos, _xlfn.XMATCH(_xlpm.me, _xlpm.hops), IF(ISNUMBER(_xlpm.pos), _xlpm.pos, "") ) | AD7: =IF(AC7="", "No cycle found", IF(AC7=1, "Self-cycle (Pareto OK)", "Multi-student cycle (Not Pareto-efficient)") ) -> No cycle found
A8: Mayssa | B8: F | C8: F | D8: J | E8: D | F8: H | G8: B | H8: K | I8: E | J8: I | K8: G | L8: A | M8: C | N8: L | O8: =INDEX(Sheet1!C8:N8,1) -> F | P8: =INDEX(Sheet1!A$2:A$13, MATCH(O8, Sheet1!O$2:O$13, 0)) -> Mayssa | Q8: =P8 -> Mayssa | R8: =IFERROR( INDEX($A$2:$A$13, MATCH(INDEX($O$2:$O$13, MATCH(Q8, $A$2:$A$13, 0)), $B$2:$B$13, 0) ), "") -> Mayssa | S8: =IFERROR( INDEX($A$2:$A$13, MATCH(INDEX($O$2:$O$13, MATCH(R8, $A$2:$A$13, 0)), $B$2:$B$13, 0) ), "") -> Mayssa | T8: =IFERROR( INDEX($A$2:$A$13, MATCH(INDEX($O$2:$O$13, MATCH(S8, $A$2:$A$13, 0)), $B$2:$B$13, 0) ), "") -> Mayssa | U8: =IFERROR( INDEX($A$2:$A$13, MATCH(INDEX($O$2:$O$13, MATCH(T8, $A$2:$A$13, 0)), $B$2:$B$13, 0) ), "") -> Mayssa | V8: =IFERROR( INDEX($A$2:$A$13, MATCH(INDEX($O$2:$O$13, MATCH(U8, $A$2:$A$13, 0)), $B$2:$B$13, 0) ), "") -> Mayssa | W8: =IFERROR( INDEX($A$2:$A$13, MATCH(INDEX($O$2:$O$13, MATCH(V8, $A$2:$A$13, 0)), $B$2:$B$13, 0) ), "") -> Mayssa | X8: =IFERROR( INDEX($A$2:$A$13, MATCH(INDEX($O$2:$O$13, MATCH(W8, $A$2:$A$13, 0)), $B$2:$B$13, 0) ), "") -> Mayssa | Y8: =IFERROR( INDEX($A$2:$A$13, MATCH(INDEX($O$2:$O$13, MATCH(X8, $A$2:$A$13, 0)), $B$2:$B$13, 0) ), "") -> Mayssa | ... AB8: =IFERROR( INDEX($A$2:$A$13, MATCH(INDEX($O$2:$O$13, MATCH(AA8, $A$2:$A$13, 0)), $B$2:$B$13, 0) ), "") -> Mayssa | AC8: =_xlfn.LET( _xlpm.me, A8, _xlpm.hops, Q8:AB8, _xlpm.pos, _xlfn.XMATCH(_xlpm.me, _xlpm.hops), IF(ISNUMBER(_xlpm.pos), _xlpm.pos, "") ) -> 1 | AD8: =IF(AC8="", "No cycle found", IF(AC8=1, "Self-cycle (Pareto OK)", "Multi-student cycle (Not Pareto-efficient)") ) -> Self-cycle (Pareto OK)
A9: Valentine | B9: A | C9: A | D9: B | E9: G | F9: C | G9: H | H9: D | I9: K | J9: F | K9: I | L9: J | M9: E | N9: L | O9: =INDEX(Sheet1!C9:N9,1) -> A | P9: =INDEX(Sheet1!A$2:A$13, MATCH(O9, Sheet1!O$2:O$13, 0)) -> Valentine | Q9: =P9 -> Valentine | R9: =IFERROR( INDEX($A$2:$A$13, MATCH(INDEX($O$2:$O$13, MATCH(Q9, $A$2:$A$13, 0)), $B$2:$B$13, 0) ), "") -> Valentine | S9: =IFERROR( INDEX($A$2:$A$13, MATCH(INDEX($O$2:$O$13, MATCH(R9, $A$2:$A$13, 0)), $B$2:$B$13, 0) ), "") -> Valentine | T9: =IFERROR( INDEX($A$2:$A$13, MATCH(INDEX($O$2:$O$13, MATCH(S9, $A$2:$A$13, 0)), $B$2:$B$13, 0) ), "") -> Valentine | U9: =IFERROR( INDEX($A$2:$A$13, MATCH(INDEX($O$2:$O$13, MATCH(T9, $A$2:$A$13, 0)), $B$2:$B$13, 0) ), "") -> Valentine | V9: =IFERROR( INDEX($A$2:$A$13, MATCH(INDEX($O$2:$O$13, MATCH(U9, $A$2:$A$13, 0)), $B$2:$B$13, 0) ), "") -> Valentine | W9: =IFERROR( INDEX($A$2:$A$13, MATCH(INDEX($O$2:$O$13, MATCH(V9, $A$2:$A$13, 0)), $B$2:$B$13, 0) ), "") -> Valentine | X9: =IFERROR( INDEX($A$2:$A$13, MATCH(INDEX($O$2:$O$13, MATCH(W9, $A$2:$A$13, 0)), $B$2:$B$13, 0) ), "") -> Valentine | Y9: =IFERROR( INDEX($A$2:$A$13, MATCH(INDEX($O$2:$O$13, MATCH(X9, $A$2:$A$13, 0)), $B$2:$B$13, 0) ), "") -> Valentine | ... AB9: =IFERROR( INDEX($A$2:$A$13, MATCH(INDEX($O$2:$O$13, MATCH(AA9, $A$2:$A$13, 0)), $B$2:$B$13, 0) ), "") -> Valentine | AC9: =_xlfn.LET( _xlpm.me, A9, _xlpm.hops, Q9:AB9, _xlpm.pos, _xlfn.XMATCH(_xlpm.me, _xlpm.hops), IF(ISNUMBER(_xlpm.pos), _xlpm.pos, "") ) -> 1 | AD9: =IF(AC9="", "No cycle found", IF(AC9=1, "Self-cycle (Pareto OK)", "Multi-student cycle (Not Pareto-efficient)") ) -> Self-cycle (Pareto OK)
A10: Justin | B10: I | C10: B | D10: I | E10: A | F10: E | G10: L | H10: H | I10: C | J10: F | K10: G | L10: D | M10: K | N10: J | O10: =INDEX(Sheet1!C10:N10,1) -> B | P10: =INDEX(Sheet1!A$2:A$13, MATCH(O10, Sheet1!O$2:O$13, 0)) -> Sibel | Q10: =P10 -> Sibel | R10: =IFERROR( INDEX($A$2:$A$13, MATCH(INDEX($O$2:$O$13, MATCH(Q10, $A$2:$A$13, 0)), $B$2:$B$13, 0) ), "") -> Sibel | S10: =IFERROR( INDEX($A$2:$A$13, MATCH(INDEX($O$2:$O$13, MATCH(R10, $A$2:$A$13, 0)), $B$2:$B$13, 0) ), "") -> Sibel | T10: =IFERROR( INDEX($A$2:$A$13, MATCH(INDEX($O$2:$O$13, MATCH(S10, $A$2:$A$13, 0)), $B$2:$B$13, 0) ), "") -> Sibel | U10: =IFERROR( INDEX($A$2:$A$13, MATCH(INDEX($O$2:$O$13, MATCH(T10, $A$2:$A$13, 0)), $B$2:$B$13, 0) ), "") -> Sibel | V10: =IFERROR( INDEX($A$2:$A$13, MATCH(INDEX($O$2:$O$13, MATCH(U10, $A$2:$A$13, 0)), $B$2:$B$13, 0) ), "") -> Sibel | W10: =IFERROR( INDEX($A$2:$A$13, MATCH(INDEX($O$2:$O$13, MATCH(V10, $A$2:$A$13, 0)), $B$2:$B$13, 0) ), "") -> Sibel | X10: =IFERROR( INDEX($A$2:$A$13, MATCH(INDEX($O$2:$O$13, MATCH(W10, $A$2:$A$13, 0)), $B$2:$B$13, 0) ), "") -> Sibel | Y10: =IFERROR( INDEX($A$2:$A$13, MATCH(INDEX($O$2:$O$13, MATCH(X10, $A$2:$A$13, 0)), $B$2:$B$13, 0) ), "") -> Sibel | ... AB10: =IFERROR( INDEX($A$2:$A$13, MATCH(INDEX($O$2:$O$13, MATCH(AA10, $A$2:$A$13, 0)), $B$2:$B$13, 0) ), "") -> Sibel | AC10: =_xlfn.LET( _xlpm.me, A10, _xlpm.hops, Q10:AB10, _xlpm.pos, _xlfn.XMATCH(_xlpm.me, _xlpm.hops), IF(ISNUMBER(_xlpm.pos), _xlpm.pos, "") ) | AD10: =IF(AC10="", "No cycle found", IF(AC10=1, "Self-cycle (Pareto OK)", "Multi-student cycle (Not Pareto-efficient)") ) -> No cycle found
A11: Indynage | B11: E | C11: E | D11: D | E11: K | F11: A | G11: H | H11: I | I11: F | J11: C | K11: B | L11: G | M11: J | N11: L | O11: =INDEX(Sheet1!C11:N11,1) -> E | P11: =INDEX(Sheet1!A$2:A$13, MATCH(O11, Sheet1!O$2:O$13, 0)) -> Indynage | Q11: =P11 -> Indynage | R11: =IFERROR( INDEX($A$2:$A$13, MATCH(INDEX($O$2:$O$13, MATCH(Q11, $A$2:$A$13, 0)), $B$2:$B$13, 0) ), "") -> Indynage | S11: =IFERROR( INDEX($A$2:$A$13, MATCH(INDEX($O$2:$O$13, MATCH(R11, $A$2:$A$13, 0)), $B$2:$B$13, 0) ), "") -> Indynage | T11: =IFERROR( INDEX($A$2:$A$13, MATCH(INDEX($O$2:$O$13, MATCH(S11, $A$2:$A$13, 0)), $B$2:$B$13, 0) ), "") -> Indynage | U11: =IFERROR( INDEX($A$2:$A$13, MATCH(INDEX($O$2:$O$13, MATCH(T11, $A$2:$A$13, 0)), $B$2:$B$13, 0) ), "") -> Indynage | V11: =IFERROR( INDEX($A$2:$A$13, MATCH(INDEX($O$2:$O$13, MATCH(U11, $A$2:$A$13, 0)), $B$2:$B$13, 0) ), "") -> Indynage | W11: =IFERROR( INDEX($A$2:$A$13, MATCH(INDEX($O$2:$O$13, MATCH(V11, $A$2:$A$13, 0)), $B$2:$B$13, 0) ), "") -> Indynage | X11: =IFERROR( INDEX($A$2:$A$13, MATCH(INDEX($O$2:$O$13, MATCH(W11, $A$2:$A$13, 0)), $B$2:$B$13, 0) ), "") -> Indynage | Y11: =IFERROR( INDEX($A$2:$A$13, MATCH(INDEX($O$2:$O$13, MATCH(X11, $A$2:$A$13, 0)), $B$2:$B$13, 0) ), "") -> Indynage | ... AB11: =IFERROR( INDEX($A$2:$A$13, MATCH(INDEX($O$2:$O$13, MATCH(AA11, $A$2:$A$13, 0)), $B$2:$B$13, 0) ), "") -> Indynage | AC11: =_xlfn.LET( _xlpm.me, A11, _xlpm.hops, Q11:AB11, _xlpm.pos, _xlfn.XMATCH(_xlpm.me, _xlpm.hops), IF(ISNUMBER(_xlpm.pos), _xlpm.pos, "") ) -> 1 | AD11: =IF(AC11="", "No cycle found", IF(AC11=1, "Self-cycle (Pareto OK)", "Multi-student cycle (Not Pareto-efficient)") ) -> Self-cycle (Pareto OK)
A12: Claudia | B12: H | C12: H | D12: F | E12: B | F12: E | G12: J | H12: A | I12: C | J12: I | K12: G | L12: L | M12: D | N12: K | O12: =INDEX(Sheet1!C12:N12,1) -> H | P12: =INDEX(Sheet1!A$2:A$13, MATCH(O12, Sheet1!O$2:O$13, 0)) -> Claudia | Q12: =P12 -> Claudia | R12: =IFERROR( INDEX($A$2:$A$13, MATCH(INDEX($O$2:$O$13, MATCH(Q12, $A$2:$A$13, 0)), $B$2:$B$13, 0) ), "") -> Claudia | S12: =IFERROR( INDEX($A$2:$A$13, MATCH(INDEX($O$2:$O$13, MATCH(R12, $A$2:$A$13, 0)), $B$2:$B$13, 0) ), "") -> Claudia | T12: =IFERROR( INDEX($A$2:$A$13, MATCH(INDEX($O$2:$O$13, MATCH(S12, $A$2:$A$13, 0)), $B$2:$B$13, 0) ), "") -> Claudia | U12: =IFERROR( INDEX($A$2:$A$13, MATCH(INDEX($O$2:$O$13, MATCH(T12, $A$2:$A$13, 0)), $B$2:$B$13, 0) ), "") -> Claudia | V12: =IFERROR( INDEX($A$2:$A$13, MATCH(INDEX($O$2:$O$13, MATCH(U12, $A$2:$A$13, 0)), $B$2:$B$13, 0) ), "") -> Claudia | W12: =IFERROR( INDEX($A$2:$A$13, MATCH(INDEX($O$2:$O$13, MATCH(V12, $A$2:$A$13, 0)), $B$2:$B$13, 0) ), "") -> Claudia | X12: =IFERROR( INDEX($A$2:$A$13, MATCH(INDEX($O$2:$O$13, MATCH(W12, $A$2:$A$13, 0)), $B$2:$B$13, 0) ), "") -> Claudia | Y12: =IFERROR( INDEX($A$2:$A$13, MATCH(INDEX($O$2:$O$13, MATCH(X12, $A$2:$A$13, 0)), $B$2:$B$13, 0) ), "") -> Claudia | ... AB12: =IFERROR( INDEX($A$2:$A$13, MATCH(INDEX($O$2:$O$13, MATCH(AA12, $A$2:$A$13, 0)), $B$2:$B$13, 0) ), "") -> Claudia | AC12: =_xlfn.LET( _xlpm.me, A12, _xlpm.hops, Q12:AB12, _xlpm.pos, _xlfn.XMATCH(_xlpm.me, _xlpm.hops), IF(ISNUMBER(_xlpm.pos), _xlpm.pos, "") ) -> 1 | AD12: =IF(AC12="", "No cycle found", IF(AC12=1, "Self-cycle (Pareto OK)", "Multi-student cycle (Not Pareto-efficient)") ) -> Self-cycle (Pareto OK)
A13: Akanksha | B13: K | C13: B | D13: K | E13: A | F13: C | G13: F | H13: D | I13: L | J13: E | K13: G | L13: I | M13: J | N13: H | O13: =INDEX(Sheet1!C13:N13,1) -> B | P13: =INDEX(Sheet1!A$2:A$13, MATCH(O13, Sheet1!O$2:O$13, 0)) -> Sibel | Q13: =P13 -> Sibel | R13: =IFERROR( INDEX($A$2:$A$13, MATCH(INDEX($O$2:$O$13, MATCH(Q13, $A$2:$A$13, 0)), $B$2:$B$13, 0) ), "") -> Sibel | S13: =IFERROR( INDEX($A$2:$A$13, MATCH(INDEX($O$2:$O$13, MATCH(R13, $A$2:$A$13, 0)), $B$2:$B$13, 0) ), "") -> Sibel | T13: =IFERROR( INDEX($A$2:$A$13, MATCH(INDEX($O$2:$O$13, MATCH(S13, $A$2:$A$13, 0)), $B$2:$B$13, 0) ), "") -> Sibel | U13: =IFERROR( INDEX($A$2:$A$13, MATCH(INDEX($O$2:$O$13, MATCH(T13, $A$2:$A$13, 0)), $B$2:$B$13, 0) ), "") -> Sibel | V13: =IFERROR( INDEX($A$2:$A$13, MATCH(INDEX($O$2:$O$13, MATCH(U13, $A$2:$A$13, 0)), $B$2:$B$13, 0) ), "") -> Sibel | W13: =IFERROR( INDEX($A$2:$A$13, MATCH(INDEX($O$2:$O$13, MATCH(V13, $A$2:$A$13, 0)), $B$2:$B$13, 0) ), "") -> Sibel | X13: =IFERROR( INDEX($A$2:$A$13, MATCH(INDEX($O$2:$O$13, MATCH(W13, $A$2:$A$13, 0)), $B$2:$B$13, 0) ), "") -> Sibel | Y13: =IFERROR( INDEX($A$2:$A$13, MATCH(INDEX($O$2:$O$13, MATCH(X13, $A$2:$A$13, 0)), $B$2:$B$13, 0) ), "") -> Sibel | ... AB13: =IFERROR( INDEX($A$2:$A$13, MATCH(INDEX($O$2:$O$13, MATCH(AA13, $A$2:$A$13, 0)), $B$2:$B$13, 0) ), "") -> Sibel | AC13: =_xlfn.LET( _xlpm.me, A13, _xlpm.hops, Q13:AB13, _xlpm.pos, _xlfn.XMATCH(_xlpm.me, _xlpm.hops), IF(ISNUMBER(_xlpm.pos), _xlpm.pos, "") ) | AD13: =IF(AC13="", "No cycle found", IF(AC13=1, "Self-cycle (Pareto OK)", "Multi-student cycle (Not Pareto-efficient)") ) -> No cycle found

Sheet TTC_Graph
AQ6: B
AQ10: G
AQ14: E
AQ18: D
AQ22: F
AQ26: A
AQ30: H

Sheet Graph
AQ6: B
AQ10: G
AQ14: E
AQ18: D
AQ22: F
AQ26: A
AQ30: H
